Make,Model,Year
Acura,RDX,2020
Audi,A3,2006
Audi,A6,2020
Audi,Q5,2018
BMW,128i Coupe,2009
BMW,320i,2016
BMW,328i,2008
BMW,Mini Cooper,2007
BMW,Mini Cooper,2015
BMW,X3,2004
BMW,i3,2016
Buick,Encore,2013
Buick,Encore,2020
Buick,Envision,2017
Buick,LaCrosse,2010
Buick,Lucerne,2006
Cadillac,CTS,2010
Cadillac,CTS,2010
Cadillac,XT5,2018
Chevrolet,Aveo,2006
Chevrolet,Bolt,2018
Chevrolet,Camaro 1LT Coupe,2010
Chevrolet,Cobalt,2007
Chevrolet,Cobalt,2009
Chevrolet,Colorado,2015
Chevrolet,Cruze,2011
Chevrolet,Equinox,2010
Chevrolet,Equinox,2021
Chevrolet,Impala,2007
Chevrolet,Impala,2014
Chevrolet,Malibu,2008
Chevrolet,Malibu,2016
Chevrolet,Silverado,2003
Chevrolet,Silverado,2009
Chevrolet,Silverado,2017
Chevrolet,Silverado,2021
Chevrolet,Silverado 1500,2014
Chevrolet,Sonic,2013
Chevrolet,Spark,2017
Chevrolet,Tahoe,2003
Chevrolet,Trailblazer,2005
Chevrolet,Trax,2015
Chevrolet,Volt,2011
Chrysler,Pacifica,2017
Dodge,Avenger,2013
Dodge,Caliber,2008
Dodge,Caravan,2008
Dodge,Charger,2007
Dodge,Durango,2004
Dodge,Journey,2009
Dodge,Magnum,2005
Dodge,Ram 1500,2006
Dodge,Ram 1500,2019
Fiat,500,2012
Fiat,500L,2014
Ford,EcoSport,2018
Ford,Edge,2008
Ford,Escape,2005
Ford,Escape,2014
Ford,Escape,2021
Ford,Escape Hybrid,2009
Ford,Explorer,2020
Ford,Explorer Truck,2011
Ford,F150,2004
Ford,F150,2016
Ford,F150,2019
Ford,F150,2020
Ford,F150 Truck,2011
Ford,Fiesta Passenger Car,2011
Ford,Flex,2009
Ford,Focus,2005
Ford,Focus,2009
Ford,Focus Electric,2013
Ford,Fusion,2006
Ford,Fusion Energi,2013
Ford,Mustang,2007
Ford,Mustang,2015
Ford,Mustang,2019
Ford,Taurus,2010
Ford,Taurus,2010
Ford,Transit Connect XLT,2010
GMC,Acadia,2008
GMC,Acadia,2018
Honda,Accord,2008
Honda,Accord,2013
Honda,Accord,2019
Honda,Accord,2020
Honda,Accord Crosstour,2010
Honda,Accord EX 4 Door,2004
Honda,CR-V,2008
Honda,CR-V,2015
Honda,Civic,2007
Honda,Civic,2016
Honda,Civic Hybrid,2013
Honda,Fit,2007
Honda,Fit,2015
Honda,HR-V,2017
Honda,Insight Hybrid,2010
Honda,Odyssey,2003
Honda,Odyssey,2011
Honda,Odyssey,2018
Honda,Pilot,2009
Hyundai,Elantra,2007
Hyundai,Elantra,2017
Hyundai,Elantra 4 Door,2004
Hyundai,Elantra 4 Door,2005
Hyundai,Entourage,2007
Hyundai,Palisade,2021
Hyundai,Santa Fe,2005
Hyundai,Santa Fe,2019
Hyundai,Santa Fe Sport,2014
Hyundai,Sonata,2006
Hyundai,Sonata,2016
Hyundai,Sonata Hybrid,2011
Hyundai,Tucson,2006
Hyundai,Tucson,2022
Infiniti,Q50,2014
Jaguar,X-Type,2005
Jaguar,XF,2010
Jeep,Cherokee,2016
Jeep,Compass,2010
Jeep,Compass,2018
Jeep,Grand Cherokee,2011
Jeep,Liberty MPV,2004
Jeep,Patriot,2014
Jeep,Wrangler,2007
Jeep,Wrangler,2019
Kia,Borrego,2009
Kia,Forte,2010
Kia,Niro,2017
Kia,Niro,2020
Kia,Optima,2009
Kia,Sorento,2005
Kia,Sorento,2011
Kia,Sorento,2014
Kia,Soul,2010
Kia,Spectra,2008
Kia,Sportage,2015
Land Rover,LR3,2005
Land Rover,Range Rover Sport,2009
Lexus,RX330,2004
Lincoln,Continental,2018
Lincoln,MKS,2010
Mazda,3,2015
Mazda,3 4 Door,2004
Mazda,6,2009
Mazda,6,2014
Mazda,CX-3,2017
Mazda,CX-5,2020
Mazda,CX-5 MPV,2014
Mazda,CX-7,2007
Mercedes-Benz,C300,2008
Mercedes-Benz,CLA250,2014
Mercedes-Benz,E350,2006
Mercedes-Benz,E350,2014
Mercedes-Benz,GLC,2019
Mitsubishi,Galant 4 Door,2004
Mitsubishi,Lancer,2008
Mitsubishi,Mirage,2015
Mitsubishi,Outlander,2007
Mitsubishi,Outlander,2015
Nissan,Altima,2008
Nissan,Altima,2014
Nissan,Altima,2019
Nissan,Cube,2010
Nissan,Frontier Truck,2013
Nissan,Juke MPV,2011
Nissan,Leaf Electric,2011
Nissan,Maxima,2009
Nissan,Maxima,2016
Nissan,Murano,2009
Nissan,Pathfinder,2022
Nissan,Quest,2004
Nissan,Rogue,2008
Nissan,Rogue,2015
Nissan,Rogue,2020
Nissan,Sentra,2015
Nissan,Titan,2005
Nissan,Titan,2017
Nissan,Versa,2007
Nissan,Versa Note,2014
Pontiac,G6,2006
Porsche,Boxster,2006
Saab,3-9æœˆ,2006
Saturn,Vue,2008
Smart,fortwo,2008
Subaru,Ascent,2019
Subaru,Forester,2008
Subaru,Forester,2014
Subaru,Forester MPV,2011
Subaru,Impreza,2008
Subaru,Impreza,2013
Subaru,Impreza,2018
Subaru,Legacy,2010
Subaru,Outback,2005
Subaru,Outback,2015
Suzuki,Forenza,2005
Suzuki,Kizashi,2010
Suzuki,XL-7,2008
Toyota,Avalon,2013
Toyota,C-HR,2019
Toyota,Camry,2007
Toyota,Camry,2015
Toyota,Camry,2018
Toyota,Camry 4 Door,2004
Toyota,Camry Hybrid,2011
Toyota,Corolla,2005
Toyota,Corolla,2014
Toyota,Corolla,2020
Toyota,Highlander,2008
Toyota,Highlander MPV,2004
Toyota,Matrix,2009
Toyota,Prius,2007
Toyota,Prius,2017
Toyota,Prius Hybrid,2011
Toyota,RAV4,2009
Toyota,RAV4,2016
Toyota,RAV4,2021
Toyota,Scion xB,2008
Toyota,Sienna MPV,2011
Toyota,Tacoma,2006
Toyota,Tacoma,2022
Toyota,Tundra,2010
Toyota,Tundra 4X4,2014
Toyota,Venza,2009
Toyota,Yaris,2007
Volkswagen,Beetle,2004
Volkswagen,Jetta,2007
Volkswagen,Jetta,2011
Volkswagen,Jetta,2019
Volkswagen,Passat,2013
Volkswagen,Routan,2009
Volkswagen,Tiguan,2009
Volkswagen,eGolf,2016
Volvo,S40,2005
Volvo,S60,2006
Volvo,S60,2011
Volvo,XC60,2010
Volvo,XC90,2007